,0
TP53,89
PIK3CA,53
GATA3,23
TTN,23
MUC16,12
CSMD3,9
MAP3K1,9
MAML3,8
APOB,7
KMT2C,7
SYNE1,7
NF1,7
MUC4,7
ARID1A,7
UBR4,7
NEB,7
PKHD1,6
PTEN,6
LRP1B,6
ZNF536,6
USH2A,6
NEFH,6
NES,5
CBFB,5
NPAS4,5
OBSCN,5
BIRC6,5
PRKDC,5
DMD,5
ABCA13,5
SPTBN5,5
SPTA1,5
PHACTR3,5
PKHD1L1,5
COL4A6,5
SYNE2,5
TCHH,5
MXRA5,5
FAT3,5
FLG,5
ZNF469,5
CSMD1,5
CDH23,5
AKT1,5
ANK3,5
KIF1A,5
HUWE1,5
HMCN1,5
ATXN1,5
RYR2,5
GRID1,4
FARP1,4
SLC25A27,4
TPR,4
ZNFX1,4
ITPR2,4
ABCA6,4
GOLGA6L2,4
CLTCL1,4
TMPRSS13,4
DNAH10,4
DMXL1,4
COL5A3,4
ATP2B2,4
HOMEZ,4
CDH1,4
HYDIN,4
DST,4
GPRIN1,4
ADCY2,4
UBR5,4
JADE3,4
UNC79,4
MDN1,4
KMT2D,4
DOCK11,4
DLG3,4
TTC40,4
MUC5B,4
CCDC73,4
TCHHL1,4
MYO15A,4
TENM3,4
FLNC,4
ZFHX3,4
XIRP2,4
CACNA1A,4
CACNA1H,4
STARD9,4
NHS,4
C9orf43,4
NOTCH3,4
PDZD2,4
AR,4
SMARCA4,4
BRCA2,4
PLEC,4
PSD3,4
ASXL2,4
ATM,4
WDR62,3
HECW2,3
SETD2,3
GREB1L,3
HCK,3
HCFC1,3
COL22A1,3
COL1A1,3
COL17A1,3
AGAP2,3
VCL,3
VCAN,3
COL12A1,3
COL11A2,3
CNTNAP4,3
CHAT,3
CIC,3
INPPL1,3
IFIH1,3
IGFN1,3
HIVEP3,3
HRG,3
AGXT,3
UNC80,3
HELZ,3
KIAA1109,3
KIAA1324L,3
KIAA1244,3
KALRN,3
KCNN3,3
ITPR1,3
ITGB4,3
JAK3,3
UGGT2,3
CHD8,3
KIF13B,3
KIF11,3
KIAA2026,3
KIAA2018,3
KIF5A,3
KIF4B,3
AK7,3
AHNAK2,3
TROAP,3
TRIP11,3
TRRAP,3
KIF20B,3
CDON,3
KIAA0100,3
KDM5B,3
LAMA2,3
LCT,3
CDC42BPG,3
KLHL4,3
TNXB,3
KRTAP4-8,3
CDK13,3
CDH9,3
MDGA2,3
CCNB3,3
LTBP3,3
MACF1,3
MAP2K4,3
LOXHD1,3
ALMS1,3
TMEM132C,3
LRP2,3
CUBN,3
COL6A6,3
COL6A5,3
GOLGB1,3
GFRA2,3
GLI2,3
GLDC,3
GLTSCR1,3
FOXP4,3
FSIP2,3
VPS13D,3
LRIT1,3
CDH4,3
CCDC18,3
MUSK,3
MUC7,3
MEGF6,3
MED12L,3
MED1,3
MARCKS,3
TENM2,3
ANKRD29,3
ANKRD17,3
THSD7B,3
TIE1,3
ASPM,3
MAPK4,3
MYH6,3
MYH11,3
MYH1,3
CCDC150,3
MOV10L1,3
MROH2B,3
CCDC40,3
TM7SF3,3
ANKRD12,3
TBC1D8,3
TDRD15,3
DKK3,3
NBEAL2,3
NAV2,3
NCOR2,3
NCOR1,3
NCOA3,3
ZNF844,3
MYOM1,3
MYO5A,3
MYO3A,3
TET1,3
ABCA5,3
ZFC3H1,3
DAPK1,3
DIP2A,3
CRIM1,3
FAT2,3
FAT1,3
FASN,3
DNAH12,3
ACACB,3
WWP1,3
DMBT1,3
TACR3,3
SZT2,3
CCDC108,3
DNM3,3
CAMSAP2,3
CAD,3
DOPEY2,3
TAS1R1,3
SSTR4,3
SSH1,3
SEC31A,3
NINL,3
DSPP,3
OVCH1,3
C5,3
C3,3
DSP,3
CACNA1E,3
NOVA2,3
DYNC1H1,3
SPAG9,3
SOX10,3
SPEN,3
SPATS2L,3
SPTB,3
DNAH9,3
PHRF1,3
PHKA1,3
PHF2,3
PIK3C2B,3
PC,3
PCDHA9,3
PCDHGB7,3
DNAH7,3
DNAH6,3
PCNT,3
PDE3B,3
DOCK9,3
BRAF,3
PRDM9,3
PRRC2A,3
BNC2,3
PPP1CB,3
PPFIA2,3
ZIC4,3
SOGA1,3
ARHGAP29,3
ARHGAP21,3
ARSF,3
SLC35F3,3
POP1,3
PKD1L2,3
RBL2,3
RELN,3
RGSL1,3
BCAM,3
PTPRZ1,3
RADIL,3
ZHX1,3
PRUNE2,3
ARID4B,3
ARID4A,3
VPS13C,3
DENND2A,3
RNF213,3
SETD1B,3
SCAF1,3
SDK1,3
ATRX,3
SAMD9L,3
BAI1,3
SLC2A8,3
VWDE,3
SGSM2,3
SGPL1,3
SEMA4D,3
SEMA3A,3
ZNF654,3
DIDO1,3
SHANK2,3
SH3YL1,3
DHX34,3
CTCF,3
CXorf67,3
CXorf66,3
FAM124B,3
F5,3
FAM135B,3
ERBB2,3
ERAP2,3
EPS8L3,3
EYS,3
EPHB2,3
EPHA5,3
ZNF329,3
DGKZ,2
ABCC3,2
ZRANB3,2
AACS,2
DNM2,2
ZNF217,2
ZNF248,2
ZNF256,2
ZNF117,2
ZNF131,2
ZNF174,2
ZFYVE9,2
ZKSCAN8,2
ZMYM4,2
ZSWIM6,2
DLGAP3,2
DLGAP4,2
ABCA10,2
DOCK2,2
DNAH3,2
SALL4,2
ATP10A,2
ATP12A,2
SF3B2,2
SEMA6A,2
SEC63,2
SELE,2
SELP,2
SEMA5A,2
ATP7B,2
SCN1A,2
SHPRH,2
SHROOM2,2
SI,2
SIDT2,2
SIGLEC12,2
RPAP1,2
RPGR,2
AVL9,2
B3GNT4,2
SCN4A,2
SCN5A,2
SCN7A,2
SCUBE2,2
SCYL3,2
SASH1,2
SBK2,2
SCAPER,2
SCMH1,2
RXFP3,2
RYR1,2
RYR3,2
RLIM,2
RNF14,2
RICTOR,2
RIMS2,2
RIPK2,2
BAG5,2
BAI3,2
ATR,2
ATXN7L1,2
RUNX1,2
RPRD1B,2
RPRM,2
RREB1,2
RRP1B,2
RP11-766F14.2,2
RP11-830F9.6,2
RP11-433C9.2,2
RP11-435B5.5,2
RNF215,2
SH3BP5,2
SH3RF1,2
SFPQ,2
SGSH,2
SGTA,2
ATF5,2
SLC27A6,2
SLC22A3,2
SLC24A2,2
SLC24A3,2
RNPC3,2
ROR2,2
RP1,2
PTPRO,2
PTPRT,2
BICC1,2
BARD1,2
BAX,2
RGAG1,2
RGS7BP,2
REV3L,2
RBMXL3,2
RB1,2
RB1CC1,2
RASA1,2
RASA2,2
RASAL2,2
RASGRF1,2
B4GALNT4,2
PTPN22,2
PTPN5,2
PTPRC,2
PSMA5,2
PSMD9,2
RASGRP3,2
RASGRP4,2
RAG2,2
RAI2,2
RANBP10,2
RANBP2,2
RAP1GAP2,2
RAD51AP2,2
RAD54B,2
PXDNL,2
PTPRN2,2
BIN2,2
BLK,2
BLM,2
SLC25A23,2
SLC17A3,2
SLC1A6,2
SLC1A7,2
SIPA1L3,2
SKIDA1,2
SLC13A1,2
ASXL3,2
ARHGEF28,2
SLC9A7,2
PTCH1,2
PTCHD4,2
PTPN13,2
PPP4R4,2
PPP6R2,2
PRB2,2
PPIL2,2
PPP1R10,2
BMP15,2
BMPR2,2
BOC,2
PRR12,2
PRR14L,2
PRKCH,2
PRPF19,2
PRDM16,2
PRDX6,2
PREX2,2
BICD2,2
PNKD,2
PODN,2
PLEKHH2,2
PLS3,2
PLCB1,2
PLCH2,2
PLCL2,2
BRDT,2
BRINP3,2
BRWD1,2
BTAF1,2
PPP1R3A,2
PPP2R2A,2
PPP2R3A,2
PPP2R5D,2
PPP3CB,2
C10orf71,2
C11orf80,2
SLIT2,2
SLC4A11,2
SLC35A2,2
SLC35F5,2
SLC37A2,2
SLC44A5,2
SLC47A1,2
ARMCX4,2
SLC26A7,2
ARHGAP31,2
ARHGAP36,2
PPARD,2
PODXL2,2
POLR2H,2
PEG3,2
PLEK,2
PLEKHG1,2
C12orf55,2
C15orf52,2
PKDREJ,2
PLB1,2
PIK3CB,2
PIK3R1,2
PKD1L1,2
PI16,2
PIBF1,2
PIEZO2,2
PIGK,2
PPP1R12B,2
C10orf126,2
PCNXL2,2
PCDHA5,2
PCDHA8,2
PBRM1,2
PCCA,2
PCDH10,2
PCDH17,2
C2orf83,2
C1QBP,2
C1S,2
C1orf141,2
PHEX,2
PHF14,2
PHLPP1,2
PHOX2A,2
C2CD3,2
PEPD,2
PDP1,2
SOGA2,2
SORL1,2
SOS1,2
SMEK2,2
SMTN,2
SLITRK3,2
SLITRK4,2
SMARCA1,2
SMARCAL1,2
ARHGEF17,2
AREL1,2
SRBD1,2
SPHKAP,2
SPIDR,2
C9orf84,2
C9orf96,2
C4BPB,2
C4orf21,2
C5orf42,2
C6,2
PARP9,2
PAPD4,2
OTOGL,2
OTUD7B,2
P2RX2,2
OSBPL5,2
OSMR,2
C6orf47,2
OR52J3,2
PELI2,2
NRG1,2
NPAP1,2
NPDC1,2
CACNA1D,2
OR5M10,2
OR5W2,2
OR1M1,2
OR2M2,2
OR14I1,2
OGDH,2
OPA1,2
OPHN1,2
OR10A4,2
OR10G3,2
OCRL,2
OCSTAMP,2
NUDT7,2
NUFIP2,2
NUP85,2
NUP98,2
SPRYD3,2
SPESP1,2
SOX5,2
ARFGEF2,2
AP4B1,2
AP5B1,2
APCDD1,2
APEH,2
STAG3,2
NVL,2
NPR3,2
NR0B1,2
CAPSL,2
CASC1,2
CASK,2
CACNA1G,2
CACNA1I,2
CACNG3,2
CALB2,2
NOP14,2
NOS3,2
NLGN3,2
NLRP10,2
NLRP11,2
NLRP13,2
NLRP14,2
NLRP4,2
CAMK2D,2
NIPBL,2
STAT1,2
STIL,2
STIM2,2
SSPN,2
ST6GAL2,2
ST6GALNAC1,2
APLNR,2
TAF7L,2
TAP1,2
TARBP1,2
SYT1,2
NEO1,2
NFE2L3,2
NFKBIL1,2
NEK1,2
MYPN,2
MYH7B,2
MYH8,2
MYH9,2
CASR,2
CASS4,2
NCAN,2
NCKAP1L,2
NAT10,2
NAV1,2
NAV3,2
NBEAL1,2
NBPF10,2
CCAR1,2
CAP2,2
NID1,2
NAAA,2
NALCN,2
NAPRT1,2
TACC1,2
TAF2,2
TAF4,2
SULF1,2
SUPT3H,2
SUPT6H,2
SUV39H1,2
TENM4,2
TERT,2
TEX11,2
MYO7B,2
MYO9A,2
MYOC,2
MTARC1,2
MTHFD1L,2
MROH9,2
MMS19,2
MORC1,2
MORC4,2
MYO18A,2
CCDC129,2
CCDC160,2
CCDC168,2
CCDC175,2
MYCBP2,2
MUC1,2
MUC12,2
MUC19,2
CCDC104,2
MEP1A,2
METTL15,2
MELK,2
MUL1,2
TECTA,2
TBL1X,2
TBX3,2
TBXA2R,2
TBKBP1,2
ANTXR2,2
AOX1,2
ANKRD13D,2
TLR7,2
TICRR,2
CCDC30,2
CCDC33,2
MLLT10,2
TJP2,2
TLE2,2
THNSL1,2
THOC2,2
THSD7A,2
TGFBR2,2
ALS2CR11,2
AMER3,2
TNC,2
TNKS1BP1,2
TNN,2
MLLT4,2
MGA,2
MIA3,2
MIB2,2
LRRC25,2
LRFN5,2
CCNA1,2
MCF2L2,2
MCM2,2
MCM3AP,2
MARK2,2
MATN2,2
MAP3K3,2
MAP4K5,2
MAPK8IP3,2
CD207,2
MAP1A,2
CCDC57,2
CCDC63,2
MKNK2,2
LPO,2
LRBA,2
LINC00273,2
LINGO2,2
LMCD1,2
CDC25B,2
MAP1B,2
MADD,2
MAEL,2
MAGEA12,2
MAGEE1,2
MAGI2,2
LY75-CD302,2
LYST,2
LRRIQ1,2
CD6,2
TMEM87A,2
TMEM200C,2
TMEM131,2
TMEM132D,2
TMEM151B,2
TMEM164,2
ANK2,2
ANKRD11,2
TRPC7,2
ALG10B,2
ALK,2
TRIM32,2
LRP5,2
LRP8,2
LONP1,2
LPA,2
KRT9,2
KLHL34,2
KLK4,2
CDKN2A,2
CDCA7L,2
CDH18,2
CDH19,2
LGR4,2
LILRB5,2
LIN9,2
LCA5L,2
LAMA4,2
LAMC1,2
LAMP3,2
LRIT3,2
LRP1,2
TRIM42,2
TRERF1,2
TPP2,2
TNR,2
TNS3,2
TONSL,2
TOP2B,2
TOPBP1,2
AKAP9,2
AL450307.1,2
ALDH18A1,2
TTC18,2
KRTAP9-4,2
KNDC1,2
KNG1,2
KRT76,2
TTC30A,2
TTC30B,2
TRPM8,2
TRIP12,2
TRIP4,2
TRMT1,2
TRPA1,2
AIM1,2
UHRF1BP1,2
UNC13A,2
KIF21B,2
KIDINS220,2
KIF14,2
KIF18A,2
CDHR2,2
CDK12,2
KANK4,2
KANSL3,2
KIAA0368,2
KIAA0556,2
KIAA0922,2
KIAA0947,2
KIAA1033,2
KDM2B,2
KERA,2
KIAA0195,2
KIAA0196,2
CEP85L,2
CEP97,2
CEACAM4,2
KIR2DL4,2
KLHDC2,2
ITIH5,2
IVL,2
CHST12,2
CHST7,2
CETP,2
CFH,2
KCNMA1,2
KCTD19,2
KCNG2,2
KCNG4,2
KCNH6,2
KCNH8,2
KCNJ14,2
KCNJ16,2
KCNJ2,2
KANK1,2
KARS,2
CHD2,2
UNC13C,2
UNC5C,2
UBR3,2
UGT2B10,2
TTC6,2
TTLL6,2
TTLL8,2
USP6,2
USP9X,2
UTP20,2
UTRN,2
JMJD1C,2
ITGA8,2
ITGAL,2
CLGN,2
CLIC5,2
CHUK,2
CIB2,2
IRS1,2
IRS4,2
ISL1,2
ITGA4,2
IQGAP1,2
IQSEC2,2
ILDR2,2
INADL,2
INF2,2
INSRR,2
CILP,2
CIT,2
HRH4,2
HORMAD2,2
HKR1,2
CLMN,2
CKAP5,2
CKMT2,2
CLASP2,2
IL21R,2
IL26,2
IL31RA,2
IFT80,2
IGF2R,2
IGHM,2
IGSF8,2
ICOSLG,2
IFT122,2
HSPH1,2
HTR5A,2
HTT,2
USP24,2
USP26,2
USP34,2
USP37,2
USP38,2
URB1,2
AGO3,2
AHNAK,2
ADAMTS5,2
ADAMTS6,2
ADAMTS9,2
VAV2,2
HPS5,2
GRIK4,2
CLPB,2
CLTC,2
CLVS1,2
CLVS2,2
HIPK1,2
HIST1H1E,2
HIST1H3B,2
HEATR6,2
HECTD3,2
HEPH,2
HERC2,2
HERC3,2
CMYA5,2
CLIC6,2
HSPG2,2
GPR133,2
GPR149,2
GPR17,2
COL1A2,2
COL20A1,2
CNOT1,2
CNTN1,2
HCFC2,2
HDAC9,2
HABP4,2
GSN,2
GRIN2B,2
GRIN2C,2
GRIPAP1,2
GSE1,2
GRHL1,2
COL14A1,2
VEGFA,2
VIL1,2
VIPR1,2
VMAC,2
VN1R4,2
VPS13B,2
AEBP1,2
USP40,2
WNK3,2
ACTL9,2
ACTN4,2
ADAM15,2
ADAM28,2
COL16A1,2
GPR98,2
GDPD4,2
GFAP,2
CPAMD8,2
CPEB2,2
CPS1,2
COL23A1,2
COL4A4,2
GPC5,2
GPR111,2
GOLGA2,2
GOLGA5,2
GOLM1,2
GON4L,2
GP2,2
COLEC12,2
CNTN2,2
FTCD,2
FUNDC2,2
G2E3,2
GAA,2
GABPB2,2
FRYL,2
FOXC1,2
FOXE1,2
FOXP3,2
GK2,2
GFRA1,2
GFY,2
GGPS1,2
GCK,2
GCN1L1,2
GDF2,2
GAPDHS,2
GAS1,2
GATAD2A,2
GABRR1,2
ADAMTS16,2
WDR33,2
WDR44,2
WDR65,2
WDFY2,2
VPS54,2
ADAMTS3,2
ACCSL,2
ACTC1,2
YTHDC1,2
YTHDC2,2
YY2,2
FBXW7,2
FCAMR,2
FOXRED2,2
FRAS1,2
CR2,2
FNDC1,2
FNIP2,2
FOCAD,2
FOXB1,2
FLII,2
FLNA,2
FLRT2,2
FLT3,2
FMN1,2
CSF1R,2
CSF2RB,2
ZBTB10,2
XRN1,2
YAP1,2
WNT10A,2
WDTC1,2
WISP1,2
WIZ,2
WNK2,2
AC083862.1,2
ZFP36L1,2
ZFP90,2
FEM1A,2
FER1L6,2
FBXL20,2
FBXL6,2
FBXO3,2
FAT4,2
FATE1,2
FBN2,2
CSPP1,2
CSRP2BP,2
CTAG2,2
CTD-2203A3.1,2
FAM73B,2
FAM83C,2
FAM9B,2
FAN1,2
FANCM,2
CTNNA2,2
CSGALNACT2,2
FILIP1,2
ZAP70,2
ESPL1,2
ETAA1,2
ETFA,2
EPSTI1,2
ERBB3,2
CUL5,2
CUX2,2
FAM227A,2
FAM65C,2
FAM13A,2
FAM149A,2
FAM171B,2
F8,2
FAIM2,2
FAM120C,2
CXorf38,2
EPHA6,2
EPHB1,2
EPOR,2
EPPK1,2
ENOX1,2
EP300,2
EP400,2
EPB41L2,2
EPB41L3,2
CYHR1,2
CYP26A1,2
EVPL,2
EXOC7,2
EYA1,2
EYA4,2
ESF1,2
DCAF13,2
ELTD1,2
EIF2D,2
ELF4,2
EFR3B,2
EFTUD2,2
EGFR,2
ECT2L,2
EDEM3,2
EED,2
EFCAB12,2
ERBB4,2
ERCC2,2
ERCC6,2
CYP2S1,2
DACT2,2
DBH,2
DBX2,2
DCAF12L1,2
ZFYVE16,2
ZCCHC6,2
ZCCHC8,2
ZCWPW1,2
ZFAND4,2
ZFAND5,2
ZBTB48,2
ZC3H3,2
ZC3H4,2
ZC3H7A,2
ABHD8,2
ZNF460,2
ZNF462,2
DNAH5,2
DNAH8,2
DNAJC21,2
DGKD,2
DCC,2
DCHS2,2
DCT,2
DCTN1,2
DDB1,2
DUSP18,2
DUSP28,2
DSC3,2
DSG1,2
DDX41,2
DEPTOR,2
EPB41L4B,2
ZZEF1,2
ZNF569,2
DICER1,2
DLEC1,2
DIEXF,2
ZNF84,2
ZNF841,2
ZNF696,2
ZNF707,2
ZNF600,2
ZNF641,2
ZNF541,2
ZNF546,2
A2M,2
DSC1,2
DNHD1,2
DMRTA1,2
DNAH1,2
DNAH11,2
DNAH14,2
ABCA8,2
ABCA9,2
ZNF75D,2
ZNF764,2
ZNF775,2
ZNF800,2
ABCA12,2
ABCA3,2
ABCA4,2
ZNF850,2
ZNF865,2
ABCC1,2
ZSCAN10,1
ZPBP,1
ZP2,1
ZNRF3,1
ZNHIT2,1
ZNF99,1
ZNF891,1
ZNF880,1
ZNF853,1
ZNF852,1
ZNF85,1
ZNF846,1
ABCB6,1
ABCC10,1
ABCC11,1
ABCC12,1
ABCC2,1
ABCC4,1
ABCC9,1
ABCD3,1
ABCF1,1
ABCG2,1
ABHD15,1
ZNF732,1
ZNF77,1
ZNF780B,1
ZNF804A,1
ZNF81,1
DHRS11,1
DHRS3,1
DHX15,1
DHX16,1
DHX32,1
DHX37,1
DHX38,1
DMBX1,1
DMGDH,1
DMKN,1
DMRTC2,1
DMXL2,1
DNAAF1,1
DNAH17,1
DIRC2,1
DIS3L,1
DNTT,1
DOCK10,1
DOCK4,1
DOK7,1
DNAH2,1
DNAI1,1
DNAJA4,1
DNAJB12,1
DNAJB8,1
DNAJC14,1
DNAJC18,1
DNAJC22,1
DNAJC6,1
DGKA,1
DGKI,1
DHDH,1
DPM3,1
DPP6,1
DPPA4,1
DPYD,1
DPYSL4,1
DPYSL5,1
DRD1,1
DRD5,1
DROSHA,1
DRP2,1
DNAJC7,1
DNAJC8,1
DNAL1,1
DNASE1L1,1
DNMT1,1
DNMT3A,1
DDX28,1
DDX39B,1
DDX46,1
DDX58,1
DDX6,1
DDX60,1
DEDD,1
DEF6,1
DEFA6,1
DENND1B,1
DEPDC5,1
DFNA5,1
DOPEY1,1
DPCR1,1
DPF1,1
DPF2,1
DYTN,1
DZANK1,1
DZIP1,1
DZIP3,1
DSEL,1
DSG3,1
DSG4,1
DSTYK,1
DTD2,1
DTHD1,1
DTX3,1
DUOX1,1
DUOXA1,1
DUSP1,1
DUSP10,1
DDX23,1
DCLRE1A,1
DCLRE1B,1
DCLRE1C,1
DCP2,1
DDB2,1
DDIT4,1
DDN,1
DUSP11,1
DUSP22,1
DUSP26,1
DUSP6,1
DYNC1I1,1
DYNC1LI2,1
DYNC2H1,1
DYRK1A,1
DYSF,1
EAPP,1
EBF3,1
EBNA1BP2,1
ECD,1
ECE2,1
ECH1,1
EDIL3,1
EDRF1,1
EEFSEC,1
EFCAB14,1
EFCAB3,1
EFCAB4A,1
DCAF6,1
DCBLD2,1
DCD,1
DCDC1,1
EIF4G3,1
EIF5B,1
ELF5,1
EFCAB5,1
EFCAB6,1
EFEMP1,1
EFHB,1
EFNB1,1
EFS,1
EGFL6,1
EGR3,1
EHBP1,1
EHD1,1
EHD2,1
EHHADH,1
EHMT1,1
EML5,1
EMR3,1
ENAM,1
ENDOG,1
ENG,1
EIF2AK3,1
EIF2AK4,1
EIF2B5,1
EIF3B,1
EIF3D,1
EIF4A1,1
EIF4B,1
EIF4E2,1
EIF4EBP1,1
EIF4G1,1
EIF4G2,1
DBP,1
DBT,1
DCAF12L2,1
DCAF16,1
DCAF4L2,1
DCAF5,1
ELK3,1
ELL,1
ELMOD3,1
ELOVL2,1
ELP4,1
ELP5,1
EMB,1
EMC7,1
EML1,1
EML2,1
EPRS,1
ENKD1,1
ENOSF1,1
ENOX2,1
ENPP3,1
ENPP7,1
ENTPD6,1
ENTPD7,1
ENY2,1
EOMES,1
EPB41L4A,1
DAO,1
DAPK2,1
DARS2,1
DBF4,1
DBF4B,1
CYP3A7,1
CYP4F11,1
CYP4F3,1
CYR61,1
CYSLTR2,1
DACH2,1
DACT1,1
EPB41L5,1
EPB42,1
EPG5,1
EPHA10,1
EPHB3,1
EPHX1,1
EPHX3,1
EPN3,1
EPO,1
ETS1,1
EPS15,1
EPS8L1,1
ERBB2IP,1
ERC2,1
ERCC6L,1
ERCC6L2,1
ERI3,1
ERLEC1,1
CYP27C1,1
CYP2A7,1
CYP2B6,1
CYP2C8,1
CYP2D6,1
CYP2U1,1
CYP3A4,1
EXD3,1
EXT1,1
EYA3,1
EZR,1
F10,1
ERN1,1
ERN2,1
ERV3-1,1
ESCO1,1
ESR2,1
ESRRB,1
ESRRG,1
ESX1,1
ESYT2,1
ETNK2,1
ETNPPL,1
CXCR4,1
CXorf22,1
CXorf30,1
CXorf57,1
CYC1,1
CYFIP2,1
CYLD,1
CYP11B2,1
CYP24A1,1
CYP27A1,1
ETS2,1
ETV1,1
ETV4,1
ETV5,1
ETV6,1
EWSR1,1
FAM171A1,1
FAM173B,1
FAM184B,1
FAM188B,1
F13A1,1
F13B,1
F9,1
FABP6,1
FAF1,1
FAH,1
FAM107B,1
FAM120AOS,1
FAM129A,1
FAM129B,1
FAM129C,1
CWH43,1
FAM26E,1
FAM47A,1
FAM47C,1
FAM63A,1
FAM65A,1
FAM71A,1
FAM71B,1
FAM71C,1
FAM135A,1
FAM13C,1
FAM154A,1
FAM155A,1
FAM155B,1
FAM159A,1
FAM161A,1
FAM167A,1
CTF1,1
CTIF,1
CTNNAL1,1
CTNNBL1,1
CTPS2,1
CTTNBP2,1
CTU1,1
CUL1,1
CUL2,1
CUL9,1
FAM200A,1
FAM210A,1
FAM214B,1
FAM217B,1
FAM221A,1
FAM228B,1
CTC-429C10.2,1
CTC1,1
CTD-2021H9.3,1
CTD-2224J9.8,1
FAM83H,1
FAM84A,1
FAM90A1,1
FAM92A1,1
FAM92B,1
FAM96A,1
FAM98A,1
FAM9A,1
FANCC,1
FANCE,1
CTD-3064M3.7,1
CTDP1,1
FARP2,1
FASTKD1,1
FBLL1,1
FBN1,1
FBN3,1
FBP2,1
FBRSL1,1
FBXL12,1
FBXL15,1
CSNK2B-LY6G5B-1181,1
CSRNP1,1
CST9,1
CSTF1,1
CSTL1,1
CT47B1,1
CTB-78H18.1,1
FEZ1,1
FEZF1,1
FFAR1,1
FFAR2,1
FGD6,1
FBXL19,1
FBXL4,1
FBXL7,1
FBXO11,1
FBXO18,1
FBXO21,1
FBXO38,1
FBXW10,1
FBXW4,1
FCGBP,1
FCGR1B,1
FGFR1,1
FGFR4,1
FHIT,1
FHL5,1
FKBP15,1
FKBP4,1
FLAD1,1
FCHSD1,1
FCN1,1
FCN3,1
FCRL1,1
FCRL5,1
FDXACB1,1
FER,1
FERMT2,1
FERMT3,1
CRYZL1,1
CS,1
CSAD,1
CSDE1,1
CSF3R,1
CSMD2,1
CSNK1G1,1
CSNK1G3,1
CSNK2A3,1
FGF10,1
FGF14,1
FGF18,1
FGF20,1
FGF21,1
FGF3,1
FGF8,1
FOPNL,1
FOSL2,1
FOXA1,1
FOXB2,1
FLG2,1
FLI1,1
FMN2,1
FMNL1,1
FMNL3,1
FMO1,1
FMO4,1
FMO5,1
FMO6P,1
FN1,1
CRYGA,1
CRYL1,1
CRLF1,1
CRNKL1,1
CROT,1
CRTC1,1
CRTC3,1
CRX,1
CRYBA2,1
CRYBG3,1
FN3K,1
FNBP1,1
FNBP1L,1
FNBP4,1
FNDC3A,1
FNDC3B,1
FNDC7,1
FNIP1,1
FOXD3,1
FOXF2,1
FOXG1,1
FOXK2,1
FOXO3,1
FOXO6,1
FOXP1,1
FOXP2,1
FOXQ1,1
FPR1,1
CRABP1,1
CRB1,1
CRB2,1
CREBBP,1
CRIPAK,1
CRISP3,1
GABBR2,1
GABRA3,1
FRAT2,1
FREM1,1
FREM2,1
FREM3,1
FRMD3,1
FRMD4A,1
FRMD8,1
FRMPD2,1
FRRS1L,1
FRY,1
FSCB,1
FSD1L,1
FSD2,1
FSIP1,1
GALNT11,1
GALNT13,1
GALNT4,1
GALNT6,1
GALNT7,1
GALNT8,1
GALNTL5,1
FSTL5,1
FTMT,1
FUK,1
FURIN,1
FUT9,1
FXYD6,1
FZD2,1
FZD6,1
G6PD,1
GAS2L2,1
GATA1,1
GATA5,1
GATS,1
GBA2,1
GBE1,1
GBP1,1
GBP2,1
GABRA4,1
GABRA5,1
GABRE,1
GAD2,1
GAK,1
GAL3ST2,1
GALK1,1
GALK2,1
COX14,1
CPA1,1
CPA4,1
CPB2,1
CPD,1
CPE,1
CPEB4,1
CPOX,1
CPPED1,1
CPSF3,1
CPXM1,1
CR1,1
GAPT,1
GAPVD1,1
GAREML,1
GARS,1
GIGYF2,1
GIMAP4,1
GIMAP8,1
GIPC1,1
GCC2,1
GCFC2,1
GCGR,1
GCM2,1
GCNT1,1
GCNT7,1
GDI1,1
GDPD2,1
GEM,1
GEN1,1
GFOD1,1
COX10,1
GJC1,1
GKAP1,1
GLCE,1
GLG1,1
GLI3,1
GLIPR1,1
GLIPR1L2,1
GLIS2,1
GFPT1,1
GFRA4,1
GH1,1
GHR,1
GHRHR,1
GHRL,1
GHSR,1
GID4,1
GLS,1
GLT1D1,1
GLT6D1,1
GLT8D1,1
GLT8D2,1
GLTSCR1L,1
GLTSCR2,1
GLYATL3,1
GMFG,1
GMPPB,1
GMPR2,1
GIT1,1
GJA1,1
GJA5,1
GJA9,1
GJB1,1
COL8A1,1
COL8A2,1
COL9A2,1
COLEC10,1
COMT,1
COPA,1
COPB1,1
COPB2,1
COPRS,1
COPS3,1
COQ3,1
CORO7,1
GLIS3,1
GLRA3,1
GLRA4,1
GLRB,1
GPHA2,1
GPN1,1
GPR107,1
GPR110,1
GPR112,1
GPR113,1
GNAI1,1
GNAI3,1
GNB4,1
GNE,1
GNPAT,1
GNPTG,1
GNS,1
GOLGA8UP,1
GOLPH3L,1
COL6A2,1
COL24A1,1
COL27A1,1
COL2A1,1
COL4A1,1
COL4A2-AS2,1
COL4A3,1
COL5A2,1
COL6A1,1
GPAT2,1
GPATCH11,1
GPATCH8,1
GPBAR1,1
GPC3,1
GPC6,1
GPD1,1
GPER1,1
GPRC6A,1
GPS1,1
GPR115,1
GPR119,1
GPR12,1
GPR124,1
GPR128,1
GPR142,1
GPR15,1
GPR151,1
GPR156,1
GPR179,1
GPR183,1
GPR19,1
GPR25,1
COL21A1,1
COA6,1
COG3,1
COL15A1,1
COL19A1,1
GPR39,1
GPR45,1
GPR50,1
GPR52,1
GPR62,1
GPR64,1
GPR83,1
GPR87,1
GPRASP1,1
GPRASP2,1
GPRC5A,1
GPRC5D,1
GPSM1,1
GPT2,1
GREB1,1
GREM1,1
GREM2,1
GRHPR,1
GRIA1,1
GRIA3,1
GRIA4,1
GRID2IP,1
GRIK2,1
GRIK3,1
CNTN3,1
CNTN4,1
CNTN5,1
CNTNAP5,1
GUCY1B3,1
GULP1,1
GUSB,1
GXYLT1,1
GRK4,1
GRK6,1
GRM1,1
GRM2,1
GRM3,1
GRM4,1
GRM7,1
GRM8,1
GRTP1,1
GSC,1
GSDMA,1
GSG1L,1
HAS3,1
HAT1,1
HAUS1,1
HAUS4,1
HAUS5,1
GSK3A,1
GSTM5,1
GSTZ1,1
GTF3C2,1
GTF3C3,1
GTF3C5,1
GTPBP3,1
GTPBP8,1
GUCA1B,1
GUCA2A,1
GUCY1A2,1
HDAC4,1
HDAC5,1
HDAC6,1
HDGFL2,1
HDX,1
HEATR2,1
GZF1,1
GZMH,1
GZMM,1
H1FOO,1
H2AFV,1
HAAO,1
HAGHL,1
HAO1,1
HAP1,1
HAS2,1
CNGA1,1
CNGB1,1
CNIH3,1
CNKSR1,1
CNNM3,1
CNOT2,1
CNOT6,1
CNOT8,1
CNPY2,1
CNST,1
HAUS7,1
HBQ1,1
HCG27,1
HCLS1,1
HCN1,1
HCRTR2,1
HIPK2,1
HIST1H1C,1
HIST1H2BN,1
HIST1H3F,1
HEATR5B,1
HECTD1,1
HECTD4,1
HEG1,1
HELQ,1
HELZ2,1
HEPACAM2,1
HERC1,1
HERC5,1
CMAHP,1
CMKLR1,1
CNDP2,1
CLNK,1
CLP1,1
CLPTM1L,1
CLSPN,1
CLSTN2,1
CLUAP1,1
CLYBL,1
HERC6,1
HES1,1
HEY2,1
HGS,1
HHAT,1
HIF1A,1
HIF3A,1
HINT2,1
HIP1R,1
HIST2H3D,1
HIVEP1,1
HIVEP2,1
HKDC1,1
HLA-DQB2,1
HLA-DRA,1
HLA-DRB5,1
HMCES,1
HMGCL,1
HMGCLL1,1
HMGCR,1
HMGN5,1
HMGXB3,1
CLN5,1
CLN6,1
CLN8,1
HSPA13,1
HSPA1A,1
HMOX1,1
HNF4A,1
HNF4G,1
HNRNPH1,1
HNRNPL,1
HNRNPR,1
HOOK2,1
HOXA10,1
HOXA3,1
HOXB5,1
HOXC10,1
HOXC8,1
HOXC9,1
HOXD10,1
HTR2C,1
HTR3C,1
HTR3E,1
HTR7,1
HUS1B,1
HOXD12,1
HP1BP3,1
HPD,1
HPS1,1
HPS3,1
HSD11B1,1
HSD17B11,1
HSD17B2,1
HSD17B4,1
HSD17B8,1
HSF4,1
CLDND2,1
CLEC12A,1
CLEC14A,1
CLEC18A,1
CLEC1A,1
CLEC3A,1
CLEC4D,1
CLEC4F,1
CLINT1,1
CLIP2,1
CLK1,1
HSPA4,1
HSPB6,1
HSPD1,1
HTR1A,1
HTR1F,1
IGSF10,1
HYI,1
IDH3G,1
IDI2,1
IDO1,1
IDS,1
IDUA,1
IFI44,1
IFNAR2,1
IFNE,1
IFNGR1,1
IFNL1,1
IFRD2,1
IFT140,1
CLDN18,1
CLDN20,1
IL1RN,1
IL2,1
IL23R,1
IL24,1
IL25,1
IL2RB,1
IFT46,1
IGFBP3,1
IGHGP,1
IGHV1-8,1
IGHV4-59,1
IGLC1,1
IGLV1-50,1
IGLV3-12,1
IGLV4-69,1
IGSF1,1
CIR1,1
CIRH1A,1
CISH,1
CKAP2L,1
CLCC1,1
CLCN3,1
CLCN5,1
CLCN6,1
CLDN16,1
IGSF9,1
IGSF9B,1
IKBIP,1
IKZF1,1
IL17RE,1
IL1R1,1
IL1R2,1
IREB2,1
IRF2BP1,1
IRF2BPL,1
IRF3,1
IL4I1,1
IMMT,1
IMPG2,1
INE1,1
ING2,1
INHBB,1
INPP5E,1
INPP5J,1
INSIG2,1
INSM1,1
INTS1,1
CIDEA,1
ISCU,1
ISOC2,1
ITCH,1
ITGA10,1
ITGA11,1
ITGA2,1
INTS2,1
INTS4,1
INTS5,1
INTS7,1
IPO13,1
IPO5,1
IPO8,1
IQCA1,1
IQCC,1
IQCK,1
CHRM4,1
CHRNA6,1
CHRNB1,1
CHST1,1
CHST11,1
CHST13,1
CHST8,1
CHTF18,1
CHTF8,1
CIB3,1
IRF4,1
IRS2,1
IRX2,1
IRX3,1
IRX6,1
ISCA2,1
JMJD6,1
JMJD7-PLA2G4B,1
JPH1,1
JPH2,1
JPH3,1
ITGAD,1
ITGAM,1
ITGBL1,1
ITIH6,1
ITK,1
ITM2A,1
ITPKB,1
ITSN1,1
ITSN2,1
CHRM1,1
CHRM2,1
CHDH,1
CHEK2,1
CHGA,1
CHIA,1
CHML,1
CHMP1A,1
CHPF2,1
CHRDL1,1
IVNS1ABP,1
IWS1,1
JADE2,1
JAG1,1
JAK2,1
JAKMIP1,1
JAKMIP3,1
JARID2,1
JUND,1
KAL1,1
KANK2,1
KAT6A,1
KATNAL1,1
KATNAL2,1
KAZN,1
KBTBD12,1
KBTBD13,1
KBTBD6,1
KBTBD8,1
CHAMP1,1
CHD1L,1
CHD6,1
CHD7,1
CHDC2,1
KCNV1,1
KCTD12,1
KCTD13,1
KCTD17,1
KCTD21,1
KCTD3,1
KCTD5,1
KCNA4,1
KCNA6,1
KCNB2,1
KCND3,1
KCNE1L,1
KCNG3,1
KCNH2,1
KCNH5,1
KCNH7,1
CEP68,1
CEP85,1
CEP95,1
CERS3,1
CERS4,1
CES3,1
CES5A,1
CFHR3,1
CFTR,1
CGNL1,1
KCNJ3,1
KCNK15,1
KCNN4,1
KCNQ1,1
KCNQ5,1
KCNS2,1
KIAA1147,1
KIAA1199,1
KIAA1211,1
KIAA1217,1
KDELC1,1
KDELR3,1
KDM3B,1
KDM5C,1
KDM8,1
KDR,1
KEL,1
KHK,1
KIAA0232,1
KIAA0247,1
CEP350,1
CEP63,1
KIAA1524,1
KIAA1549,1
KIAA1549L,1
KIAA1551,1
KIAA1598,1
KIAA1614,1
KIAA1671,1
KIAA1683,1
KIAA1715,1
KIAA1731,1
KIAA0513,1
KIAA0586,1
KIAA0753,1
KIAA0754,1
KIAA1024,1
KIAA1107,1
CENPB,1
CENPC,1
CENPF,1
CENPI,1
CENPV,1
CEP104,1
CEP128,1
CEP135,1
CEP170,1
CEP192,1
CEP250,1
CEP290,1
KIAA1429,1
KIAA1462,1
KIAA1468,1
KIAA1522,1
KIF7,1
KIF9,1
KIFAP3,1
KIFC1,1
KIAA1755,1
KIAA1875,1
KIAA1919,1
KIAA2022,1
KIF12,1
KIF13A,1
KIF15,1
KIF17,1
CECR6,1
CELA1,1
CELSR1,1
CELSR3,1
KLC3,1
KLF10,1
KLF11,1
KLF12,1
KLF15,1
KLHL2,1
KLHL20,1
KLHL23,1
KIF1C,1
KIF21A,1
KIF22,1
KIF23,1
KIF26B,1
KIF3B,1
KIF3C,1
KIF4A,1
CDRT4,1
CDT1,1
CDV3,1
CDX1,1
CDX4,1
CDYL,1
CEACAM16,1
CEACAM18,1
CEACAM5,1
CECR2,1
KIFC2,1
KIR2DL3,1
KIR3DL3,1
KIRREL3,1
KISS1R,1
KL,1
KRT83,1
KRT8P11,1
KLHL24,1
KLHL25,1
KLHL30,1
KLHL33,1
KLHL8,1
KLK12,1
KLK13,1
KLK2,1
KLK6,1
KMT2A,1
KNCN,1
CDKL4,1
CDKL5,1
CDR2L,1
KRTAP4-9,1
KRTAP9-8,1
KY,1
LA16c-60G3.6,1
LACTB,1
LAD1,1
KPNA4,1
KPNA5,1
KPNB1,1
KRBA1,1
KRT1,1
KRT13,1
KRT19,1
KRT3,1
KRT74,1
KRT8,1
CDIPT,1
CDK11B,1
CDK14,1
CDK17,1
CDK2,1
CDK5RAP1,1
CDK9,1
CDKAL1,1
KRTAP10-11,1
KRTAP10-6,1
KRTAP24-1,1
KRTAP29-1,1
KRTAP3-2,1
KRTAP4-11,1
KRTAP4-3,1
KRTAP4-5,1
LEMD3,1
LENG9,1
LAMA1,1
LAMA3,1
LAMA5,1
LAMB1,1
LAMB3,1
LAMB4,1
LAMP5,1
LARP4,1
LARP4B,1
LARP7,1
LAS1L,1
LATS1,1
CDH26,1
CDH5,1
LILRB2,1
LILRB4,1
LIMA1,1
LIN7C,1
LATS2,1
LCA10,1
LCE1A,1
LCLAT1,1
LCN15,1
LCOR,1
LCP1,1
LDLR,1
LECT2,1
LEF1,1
LEFTY2,1
LEMD2,1
CDC40,1
CDC42BPA,1
CDC5L,1
CDCA2,1
CDCP2,1
CDH11,1
CDH2,1
LEP,1
LEPR,1
LEUTX,1
LGALS8,1
LGI2,1
LGR6,1
LHX2,1
LHX3,1
LIG1,1
LINC00636,1
LINC00696,1
LINS,1
LIPA,1
LIPF,1
LIPJ,1
LIX1,1
LMF2,1
LMO7,1
LMTK2,1
LMTK3,1
LNPEP,1
LOH12CR2,1
CDC14B,1
CDC20,1
CDC27,1
LRIF1,1
LRIG3,1
LRP3,1
LRP4,1
LRP6,1
LOR,1
LOXL2,1
LPHN2,1
LPHN3,1
LPIN1,1
LPIN2,1
LPL,1
LPPR1,1
LPPR4,1
LRCH1,1
LRCH3,1
LRRC27,1
LRRC29,1
LRRC30,1
LRRC4,1
LRRC42,1
LRRC49,1
LRRC53,1
LRRC55,1
LRRC56,1
LRRC6,1
LRRC7,1
LRRC72,1
LRRC9,1
LRCH4,1
LRFN1,1
LRGUK,1
CD244,1
CD248,1
CD300E,1
CD33,1
CD34,1
CD4,1
CD40,1
CD40LG,1
CD44,1
CD47,1
CD48,1
CD74,1
CD99L2,1
CDC123,1
LRRC18,1
LRRC26,1
MADCAM1,1
LRRCC1,1
LRRFIP2,1
LRRIQ3,1
LRRIQ4,1
LRRK2,1
LRRN2,1
LRRTM1,1
LRRTM3,1
LRRTM4,1
LSM11,1
LSM5,1
LTBP2,1
LTBP4,1
LTBR,1
CD22,1
MAGEC1,1
MAGED1,1
MAGEE2,1
MAGEH1,1
LTV1,1
LUC7L,1
LUC7L3,1
LUZP2,1
LY6G5B,1
LY96,1
LYAR,1
LYPD1,1
LYZL2,1
LZTFL1,1
MACC1,1
MAD1L1,1
MAML1,1
MAN1A1,1
MAN2A2,1
MAN2C1,1
MANBA,1
MAP1S,1
MAP2K5,1
MAP3K12,1
MAP3K13,1
MAGEA1,1
MAGEA8,1
MAGEB17,1
MAGEB18,1
MAGEB2,1
MAGEB5,1
MAGEB6,1
CCNYL2,1
CCR1,1
CCR3,1
CCRL2,1
CCS,1
CCSAP,1
CCSER2,1
CCT7,1
CD163L1,1
CD1A,1
CD1B,1
CD1D,1
CD200,1
CD200R1,1
MAK,1
MALSU1,1
MBD5,1
MBOAT1,1
MC2R,1
MAP3K5,1
MAP3K7,1
MAP3K9,1
MAP4,1
MAP4K1,1
MAP4K2,1
MAP7,1
MAP7D3,1
MAPK3,1
MAPK7,1
MARCH10,1
MARCH6,1
CCNY,1
MCM7,1
MCM9,1
MCMBP,1
MCRS1,1
MCTP1,1
MDGA1,1
MARK1,1
MAS1L,1
MAST1,1
MAST4,1
MAT2A,1
MATK,1
MAVS,1
MAX,1
MBD2,1
MBD3L1,1
CCM2,1
CCNA2,1
CCNB1,1
CCND1,1
CCND2,1
CCND3,1
CCNE2,1
CCNK,1
CCNL1,1
CCNO,1
MCC,1
MCF2,1
MCF2L,1
MCL1,1
MCM4,1
MCM6,1
MFSD11,1
MDH2,1
MDK,1
ME1,1
MED14,1
MED23,1
MED24,1
MED7,1
MEDAG,1
MEF2BNB,1
MEGF8,1
MEIS2,1
CCDC94,1
CCER1,1
CCIN,1
CCKBR,1
MGP,1
MGRN1,1
MICAL1,1
MEN1,1
MEOX2,1
MEP1B,1
MEPCE,1
MEPE,1
MERTK,1
MESP1,1
MET,1
METTL10,1
METTL2B,1
MEX3A,1
MEX3C,1
MFRP,1
MIP,1
MKI67,1
MKL1,1
MKNK1,1
MKS1,1
MLNR,1
MFSD3,1
MFSD4,1
MFSD5,1
MFSD7,1
MGAT2,1
MGAT3,1
MGAT4B,1
MGAT5,1
MGEA5,1
MGME1,1
CCDC7,1
CCDC71L,1
CCDC8,1
CCDC80,1
CCDC85A,1
CCDC88A,1
CCDC88B,1
CCDC88C,1
CCDC89,1
MICAL3,1
MICALCL,1
MICALL1,1
MICU3,1
MIIP,1
MINK1,1
MIOX,1
MLXIPL,1
MME,1
MMEL1,1
MMRN1,1
MMS22L,1
MOAP1,1
MOCS1,1
MOCS3,1
MOK,1
MON2,1
MORN2,1
MOXD1,1
CCDC60,1
CCDC62,1
CCDC64B,1
CCDC66,1
MST1R,1
MSX1,1
MPDU1,1
MPEG1,1
MPHOSPH10,1
MPHOSPH8,1
MPP2,1
MPPE1,1
MPRIP,1
MPZL2,1
MRC1L1,1
MRC2,1
MRE11A,1
MREG,1
MRGPRE,1
MROH7-TTC4,1
MTPAP,1
MTRF1,1
MRPL19,1
MRPL28,1
MRPL40,1
MRPL45,1
MRPL53,1
MRPL54,1
MRPS2,1
MRPS25,1
MRPS27,1
MS4A2,1
MSH2,1
MSH3,1
MSL2,1
MSLNL,1
CCDC38,1
CCDC41,1
CCDC42B,1
CCDC47,1
MSX2,1
MTDH,1
MTERFD1,1
MTF1,1
MTFR1L,1
MTG2,1
MTIF2,1
MTMR10,1
MTMR11,1
MTMR2,1
MTMR4,1
MTOR,1
MYH7,1
MTRR,1
MTSS1,1
MTUS2,1
MUC2,1
MUC5AC,1
MUC6,1
MVP,1
CCDC178,1
CCDC180,1
CCDC19,1
CCDC22,1
CCDC27,1
CCDC28A,1
CCDC36,1
CCDC37,1
CCDC146,1
CCDC152,1
CCDC154,1
CCDC172,1
CCDC173,1
CCDC176,1
MYB,1
MYBL2,1
MYBPC2,1
MYCBPAP,1
MYD88,1
MYEOV2,1
MYH10,1
MYH15,1
MYH2,1
MYH3,1
MYLK,1
MYLK-AS1,1
MYO10,1
MYO16,1
MYO18B,1
MYO19,1
MYO1A,1
MYO1C,1
MYO1D,1
MYO1E,1
MYO1H,1
CCDC114,1
CCDC115,1
CCDC132,1
CCDC137,1
CCDC142,1
NAB1,1
NADK,1
NAE1,1
NANOG,1
NAP1L3,1
NAPEPLD,1
NAPSA,1
MYO3B,1
MYO5B,1
MYO6,1
MYO7A,1
MYO9B,1
MYRIP,1
MYT1L,1
MYZAP,1
MZF1,1
CBX5,1
CC2D1A,1
CC2D1B,1
CCAR2,1
CCBE1,1
CCDC102A,1
CCDC102B,1
CCDC105,1
CCDC110,1
CCDC113,1
MZT1,1
N4BP2,1
N4BP2L2,1
NAA15,1
NAA25,1
NAALADL1,1
NDFIP1,1
NDNF,1
NDST1,1
NDST3,1
NDST4,1
NARS,1
NASP,1
NAT8L,1
NBAS,1
NBEA,1
NBL1,1
NBPF6,1
NBR1,1
NCAM2,1
CBLL1,1
CBX2,1
CAPN3,1
CAPRIN1,1
CAPZA1,1
CARD11,1
CARS2,1
CASC5,1
CASP1,1
CASP9,1
CASQ1,1
CATSPERB,1
NCAPG2,1
NCBP1,1
NCF2,1
NCOA6,1
NCR3LG1,1
NDC80,1
NFKBIA,1
NFRKB,1
NDUFA10,1
NDUFA11,1
NDUFAF3,1
NDUFS1,1
NDUFS3,1
NDUFS8,1
NEDD1,1
NEGR1,1
NEK11,1
NEK2,1
NEK3,1
NEK5,1
NEK8,1
CAPN15,1
NIPAL2,1
NISCH,1
NIT1,1
NIT2,1
NKAIN2,1
NKAP,1
NKAPL,1
NELFE,1
NELL1,1
NET1,1
NEU3,1
NEURL1,1
NEUROD2,1
NFATC1,1
NFIB,1
NFIX,1
CALR3,1
CAMK2A,1
CAMK2B,1
CAMKK1,1
CAMKMT,1
CAMTA2,1
CAND1,1
CANX,1
CAPN1,1
CAPN11,1
CAPN14,1
NFXL1,1
NGFR,1
NHLRC1,1
NID2,1
NIPA2,1
NONO,1
NOP56,1
NOS1,1
NOS1AP,1
NKPD1,1
NLGN1,1
NLGN2,1
NLN,1
NLRP1,1
NLRP2,1
NLRP8,1
NLRP9,1
NMB,1
NME1,1
CALN1,1
CALR,1
CACNA2D1,1
CACNA2D3,1
CACNB4,1
CACNG5,1
CACNG6,1
CACNG8,1
NME6,1
NME7,1
NMRAL1,1
NMS,1
NMUR1,1
NNAT,1
NNT,1
NOG,1
NOL3,1
NOL4,1
NRIP1,1
NRK,1
NRL,1
NOSTRIN,1
NOTCH2,1
NOTCH4,1
NOTO,1
NOV,1
NOVA1,1
NPBWR2,1
NPC1,1
NPEPPS,1
NPFFR2,1
NPHP3,1
CACNA1C,1
CACNA1S,1
NTF4,1
NTHL1,1
NTM,1
NTN4,1
NTRK1,1
NTRK3,1
NPHP4,1
NR1D2,1
NR1H3,1
NR2F1,1
NR4A3,1
NR5A2,1
NRAS,1
NRD1,1
NRF1,1
NRG3,1
NUMA1,1
NUMB,1
NUP107,1
NUP188,1
NUP210,1
NUPL1,1
NRN1L,1
NRP1,1
NRP2,1
NRROS,1
NRSN1,1
NRXN3,1
NSD1,1
NSDHL,1
NT5C1A,1
NT5E,1
C9orf152,1
C9orf172,1
C9orf24,1
C9orf37,1
C9orf50,1
CA10,1
CA12,1
CA5B,1
CA9,1
CABS1,1
CACNA1B,1
NTSR1,1
NUAK1,1
NUDT10,1
NUDT18,1
NUDT9,1
OR10C1,1
OR10G9,1
NWD1,1
NXF1,1
NXPE2,1
NXPE3,1
NXPE4,1
NXT1,1
NYAP2,1
NYNRIN,1
NYX,1
OAF,1
OASL,1
OBSL1,1
OCIAD1,1
C9orf131,1
OR13F1,1
OR13G1,1
OR14A2,1
OR1A2,1
OR1B1,1
OR1C1,1
OR1D2,1
ODF2,1
ODF4,1
OFD1,1
OLFM4,1
OLFML2A,1
OMA1,1
OPRD1,1
OPTC,1
OR10A5,1
OR2A7,1
OR2AT4,1
OR2C1,1
OR2G2,1
OR2G3,1
OR2J2,1
OR2M4,1
OR2T10,1
OR10J1,1
OR10P1,1
OR10R2,1
OR10W1,1
OR11A1,1
OR11H7,1
OR13C2,1
OR13C3,1
OR4D10,1
OR4D2,1
OR4K17,1
OR4P4,1
OR4S2,1
OR4X2,1
OR51F2,1
OR51G1,1
OR51G2,1
OR51H1P,1
OR1F1,1
OR1I1,1
OR1L1,1
OR1L8,1
OR1S1,1
OR1S2,1
OR5B2,1
OR5D16,1
OR5P3,1
OR5T3,1
OR6B3,1
OR6C68,1
OR6C74,1
OR6K2,1
OR6P1,1
OR6V1,1
OR2T33,1
OR2W1,1
OR2W3,1
OR4A16,1
OR4C12,1
OR4C3,1
C7,1
C7orf31,1
C7orf33,1
C7orf50,1
C7orf62,1
C7orf63,1
C7orf72,1
C8A,1
C8B,1
C8orf44,1
C8orf47,1
C8orf86,1
C9orf129,1
OR51I1,1
OR52A5,1
OR52B6,1
OR6Y1,1
OR7D2,1
OR7E24,1
OR8B12,1
OR8B2,1
OR9K2,1
ORC2,1
OSBPL10,1
OSBPL11,1
OSBPL7,1
OSBPL8,1
OSCP1,1
OSR2,1
OTOF,1
C6orf141,1
C6orf163,1
PANK3,1
PANK4,1
PANX2,1
PAPPA,1
OTOG,1
OVOL2,1
OXER1,1
P2RX1,1
P2RY2,1
P2RY4,1
P2RY6,1
P4HA1,1
P4HA3,1
PABPC4,1
PABPN1,1
PADI2,1
PARVB,1
PASK,1
PATL2,1
PAX3,1
PAX5,1
PADI3,1
PAFAH1B3,1
PAGE1,1
PAIP2,1
PAK7,1
PALB2,1
PALM2AKAP2,1
PALM3,1
PAM,1
PAN2,1
PANK2,1
C3orf70,1
C4orf17,1
C4orf45,1
C5orf48,1
C6orf10,1
C6orf118,1
PAPPA-AS1,1
PAPPA2,1
PAQR7,1
PARD3,1
PARD3B,1
PARD6G,1
PARG,1
PARP1,1
PARP12,1
PARP15,1
PCDHB4,1
PCDHB6,1
PAX7,1
PBX2,1
PBXIP1,1
PCBP3,1
PCDH11X,1
PCDH15,1
PCDH19,1
PCDH20,1
PCDH8,1
PCDH9,1
PCDHA1,1
C2orf81,1
C3AR1,1
C3orf17,1
PCDHGB2,1
PCDHGC5,1
PCED1A,1
PCF11,1
PCGF5,1
PCDHA11,1
PCDHA12,1
PCDHA3,1
PCDHA6,1
PCDHAC2,1
PCDHB11,1
PCDHB12,1
PCDHB14,1
PCDHB16,1
PCDHB17,1
PCDHB2,1
PCTP,1
PDCD1LG2,1
PDCD5,1
PDCD7,1
PDCL3,1
PDE1A,1
PCDHB7,1
PCDHB8,1
PCDHGA11,1
PCDHGA3,1
PCDHGA4,1
PCDHGA5,1
PCDHGA7,1
PCDHGA8,1
PCDHGA9,1
PCDHGB1,1
PDE6C,1
PDGFD,1
PDHA1,1
PDIA4,1
PDIK1L,1
PDK1,1
PDPK1,1
PDX1,1
PCLO,1
PCMTD1,1
PCNXL3,1
PCNXL4,1
PCOLCE2,1
PCSK2,1
PCSK5,1
PCSK6,1
PDZD4,1
PDZRN4,1
PEF1,1
PEG10,1
PELP1,1
PER2,1
PEX1,1
PEX13,1
PEX14,1
PEX6,1
PDE1B,1
PDE2A,1
PDE3A,1
PDE4D,1
PDE4DIP,1
PDE6B,1
C1orf222,1
C1orf226,1
C1orf229,1
C1orf56,1
C1orf94,1
C2,1
C20orf144,1
C20orf166,1
C20orf195,1
C20orf78,1
C2CD4A,1
C2CD5,1
C2orf16,1
C2orf42,1
PDYN,1
PDZD3,1
PEX7,1
PFAS,1
PFKFB1,1
PGBD1,1
PGBD2,1
PGBD5,1
PGC,1
PGK1,1
PGK2,1
PGLYRP4,1
PGM1,1
PGS1,1
PHACTR4,1
PHC1,1
PHC2,1
C1orf173,1
C19orf33,1
C19orf45,1
C19orf68,1
C19orf69,1
C1QL3,1
C1R,1
C1RL,1
PHC3,1
PHF21B,1
PHF3,1
PHGR1,1
PHIP,1
PHKA2,1
PHKB,1
PHKG1,1
PHLDA1,1
PI4KB,1
PIANP,1
PICALM,1
PIDD,1
PIEZO1,1
PIF1,1
PIGO,1
PIGU,1
PIGW,1
PIK3C2A,1
C17orf62,1
C17orf80,1
C17orf96,1
C18orf21,1
C18orf25,1
C18orf63,1
PLA2R1,1
PLAGL1,1
PLAU,1
PLBD1,1
PIK3IP1,1
PIK3R2,1
PINK1,1
PIP4K2B,1
PIR,1
PITPNA,1
PIWIL2,1
PIWIL3,1
PJA2,1
PKD2,1
PKD2L1,1
PKD2L2,1
C14orf119,1
C14orf183,1
C14orf39,1
C14orf93,1
C17orf102,1
C17orf103,1
C17orf47,1
C17orf59,1
PKP1,1
PKP4,1
PLA2G12B,1
PLA2G1B,1
PLA2G2A,1
PLA2G4A,1
PLA2G4D,1
PLA2G7,1
PLCG1,1
PLCH1,1
PLCL1,1
PLCZ1,1
PLD4,1
PLEKHA1,1
PLEKHA6,1
PLEKHA7,1
PLEKHD1,1
PLEKHG2,1
C12orf40,1
C12orf50,1
C12orf57,1
C12orf71,1
C12orf74,1
C12orf75,1
PNPLA6,1
PNPLA7,1
PLEKHG3,1
PLEKHG4B,1
PLEKHG6,1
PLEKHH3,1
PLEKHO1,1
PLK4,1
PLK5,1
PLSCR2,1
PLSCR4,1
PLSCR5,1
PLXNA1,1
PLXNA2,1
PLXNA4,1
PLXNB1,1
POLR1A,1
POLR2B,1
POLR3A,1
POLR3E,1
PLXNB2,1
PLXNC1,1
PM20D1,1
PMEL,1
PMM1,1
PMM2,1
PNLIP,1
PNMA5,1
PNMAL1,1
PNN,1
PNOC,1
PNPLA2,1
POU2F2,1
POU2F3,1
POU3F4,1
POU5F2,1
PPAN-P2RY11,1
PPARGC1A,1
POFUT2,1
POGK,1
POGZ,1
POLA1,1
POLB,1
POLD1,1
POLE2,1
POLG,1
POLH,1
POLK,1
C11orf30,1
C11orf58,1
C11orf65,1
C11orf74,1
C11orf82,1
C11orf88,1
C11orf89,1
C12orf4,1
POM121,1
POM121L2,1
POMC,1
PON1,1
PORCN,1
POSTN,1
POTEB2,1
POU2F1,1
PPCS,1
PPEF1,1
PPFIA3,1
PPFIBP1,1
PPIL6,1
PPIP5K2,1
PPM1D,1
PPM1E,1
PPME1,1
PPP1R12A,1
PPP1R14C,1
BUB1,1
BUD13,1
BZRAP1,1
C10ORF68,1
C10orf118,1
BRPF3,1
BRSK1,1
BRSK2,1
BRWD3,1
BSN,1
BST1,1
BTBD18,1
BTNL9,1
PPP1R3D,1
PPP1R3G,1
PPP1R9A,1
PPP2R4,1
PPP3CC,1
PPT1,1
PQBP1,1
PRAMEF2,1
PROSER1,1
PROSER2,1
PRDM14,1
PRDM2,1
PRDM7,1
PRDM8,1
PRICKLE1,1
PRICKLE4,1
PRKACA,1
PRKACB,1
PRKAG1,1
PRKAG2,1
PRKAR1B,1
PRKCD,1
BRAP,1
BRINP1,1
PRSS23,1
PRSS35,1
PRSS42,1
PRSS50,1
PRSS8,1
PRKCG,1
PRKCSH,1
PRKCZ,1
PRKG2,1
PRKRIR,1
PRL,1
PRMT6,1
PRMT7,1
PROCR,1
PROKR1,1
PROS1,1
BNIP1,1
BNIP3,1
BNIPL,1
BOD1L1,1
BOLL,1
BPIFB3,1
BPIFC,1
BPTF,1
PRPF38A,1
PRPF38B,1
PRPF4B,1
PRPS1L1,1
PRR14,1
PRR19,1
PRRC2B,1
PRRG1,1
PRX,1
PSAP,1
PSAPL1,1
PSD2,1
PSD4,1
PSG6,1
PSG9,1
PSMB10,1
PSMD5,1
PSMD7,1
PSORS1C1,1
PTCD3,1
BMP6,1
BMPR1A,1
BMX,1
BNC1,1
BIRC3,1
BLID,1
BLMH,1
BLOC1S1,1
BLVRB,1
BMI1,1
BMP1,1
PTCHD1,1
PTER,1
PTGIR,1
PTP4A1,1
PTPN11,1
PTPN2,1
PTPN3,1
PTPN4,1
PTPRB,1
RAB13,1
PTPRD,1
PTPRE,1
PTPRF,1
PTPRG,1
PTPRH,1
PTPRS,1
PTRHD1,1
PUM1,1
PURB,1
PURG,1
PVRL3,1
PWP1,1
BHLHB9,1
BID,1
BIRC2,1
RAD54L2,1
RAG1,1
PXDN,1
PXN,1
PYGM,1
PYROXD1,1
PZP,1
QSER1,1
QSOX2,1
QTRTD1,1
R3HCC1L,1
R3HDM1,1
R3HDM2,1
R3HDML,1
RAB11FIP1,1
RAB11FIP3,1
RANBP3L,1
RANGAP1,1
RAP1A,1
RAP1GDS1,1
RAPGEF1,1
RAB1B,1
RAB22A,1
RAB2A,1
RAB37,1
RAB3C,1
RAB3GAP2,1
RAB41,1
RAB7L1,1
RABGAP1,1
RABGAP1L,1
RAD17,1
BCKDK,1
BCL11B,1
BCL9,1
BCMO1,1
BCOR,1
BDP1,1
BEGAIN,1
BEND2,1
BEND7,1
BEST2,1
RAI1,1
RAI14,1
RALB,1
RALGDS,1
RALY,1
RALYL,1
RAPGEF2,1
RAPGEF5,1
RAPH1,1
RARG,1
RARS2,1
RASAL1,1
RASAL3,1
RASGRF2,1
RASGRP2,1
RASIP1,1
BCAN,1
BCAR3,1
BCAS1,1
BCAT1,1
BCCIP,1
BCHE,1
REG1A,1
REG1B,1
REG3G,1
RASL10B,1
RASSF5,1
RAVER2,1
RBBP8,1
RBFOX1,1
RBL1,1
RBM12B,1
RBM15B,1
RBM25,1
RBM26,1
RBM33,1
RBM34,1
RBM42,1
RFC4,1
RFTN1,1
RFTN2,1
RFWD2,1
RBM44,1
RBMS2,1
RBMX,1
RBMXL2,1
RBP2,1
RBP3,1
RBX1,1
RC3H1,1
RC3H2,1
RCC1,1
RCHY1,1
RCN1,1
RGS13,1
RGS18,1
RGS21,1
RGS22,1
RGS3,1
RGS4,1
REN,1
RENBP,1
REPIN1,1
RERE,1
REST,1
RET,1
REV1,1
REXO1,1
REXO4,1
RFC1,1
BAIAP2L2,1
BAMBI,1
BANF1,1
BANP,1
BAP1,1
BAZ2B,1
BBS12,1
BBS9,1
BBX,1
RFX1,1
RFX2,1
RFX3,1
RFX6,1
RFX7,1
RGPD4,1
RGS12,1
RNF144B,1
RNF157,1
RHCG,1
RHO,1
RHOBTB1,1
RHPN2,1
RIF1,1
RIIAD1,1
RILP,1
RIMBP2,1
RIMKLA,1
RIMS1,1
RIMS3,1
RIN2,1
RIPK3,1
BAG6,1
ROCK2,1
ROGDI,1
RORA,1
ROS1,1
RIT2,1
RLBP1,1
RLTPR,1
RMDN2,1
RMND1,1
RMND5A,1
RNASE2,1
RNASEH2B,1
RNASEL,1
RND2,1
RND3,1
RNF128,1
RP11-318A15.7,1
RP11-368I7.4,1
RP11-383H13.1,1
RP11-385D13.1,1
RP11-429E11.3,1
RP11-463C8.4,1
RP11-500M8.7,1
RP11-613M10.8,1
RP11-650K20.3,1
RNF187,1
RNF20,1
RNF224,1
RNF38,1
RNF43,1
ROBO2,1
ROBO3,1
AVEN,1
AVPR2,1
AXIN2,1
AZGP1,1
B3GNT6,1
BAALC,1
BACE1,1
BACE2,1
BACH1,1
BAG1,1
BAG3,1
RP1-32I10.10,1
RP11-1055B8.7,1
RP11-111M22.2,1
RP11-1407O15.2,1
RP11-144F15.1,1
RSBN1L,1
RSF1,1
RP11-664D7.4,1
RP11-664I21.6,1
RP11-682N22.1,1
RP11-863K10.7,1
RP1L1,1
RP5-1052I5.2,1
RPF2,1
RPGRIP1,1
RPH3AL,1
RPN2,1
RPP30,1
RPRD1A,1
AURKC,1
AUTS2,1
RTP3,1
RTP4,1
RUNDC1,1
RUNX2,1
RUVBL1,1
RXFP2,1
RPS3A,1
RPS6KA1,1
RPS6KA3,1
RPS6KA4,1
RPS6KA5,1
RPS6KA6,1
RPUSD3,1
RRNAD1,1
RRP15,1
RRS1,1
ATRNL1,1
ATXN10,1
ATXN1L,1
ATXN2,1
ATXN3,1
ATXN3L,1
AUNIP,1
RSPH1,1
RSPH6A,1
RSPH9,1
RSU1,1
RTF1,1
RTL1,1
RTN2,1
RTN4RL2,1
RTP1,1
SCML1,1
S1PR2,1
S1PR4,1
SAE1,1
SAFB,1
SAFB2,1
SALL2,1
SAMD11,1
SAMD3,1
SAMD5,1
SAMD9,1
ATP8A2,1
ATP8B2,1
ATP8B3,1
ATP8B4,1
ATP9A,1
SCPEP1,1
SCRN2,1
SCYL2,1
SDCCAG8,1
SDIM1,1
SDK2,1
SAMSN1,1
SARDH,1
SATB1,1
SBF1,1
SBNO2,1
SBP1,1
SCAND3,1
SCARF2,1
SCGB1D1,1
SCIN,1
ATP1A2,1
ATP2A3,1
ATP2B3,1
ATP4A,1
ATP5J2-PTCD1,1
ATP6AP1,1
ATP6AP2,1
ATP6V0A1,1
ATP6V0A4,1
ATP6V1A,1
ATP6V1G2,1
ATP7A,1
ATP8A1,1
SCN11A,1
SCN2A,1
SCN3A,1
SERPINB11,1
SERPINB3,1
SERPINB5,1
SERPIND1,1
SERPINE1,1
SERPINE2,1
SDR16C5,1
SEC14L1,1
SEC31B,1
SEL1L2,1
SELL,1
SEMA3C,1
SEMA3G,1
SEMA4A,1
SEMA4F,1
ATP13A3,1
SETDB1,1
SETDB2,1
SEZ6,1
SEZ6L,1
SEZ6L2,1
SF1,1
SF3B3,1
SEMA5B,1
SEMA6D,1
SENP5,1
SENP6,1
SEPSECS,1
SEPT14,1
SEPT6,1
SERINC3,1
SERPINA12,1
ATG14,1
ATG2A,1
ATG2B,1
ATG4A,1
ATG4D,1
ATG9A,1
ATN1,1
ATOH1,1
ATP10D,1
ATP11A,1
SERPINH1,1
SETBP1,1
SETD4,1
SETD5,1
SETD7,1
SETD8,1
SHISA7,1
SHMT2,1
SHOC2,1
SF3B4,1
SFMBT1,1
SFRP1,1
SFRP2,1
SFXN3,1
SGCA,1
SGCE,1
SGK1,1
SGOL2,1
SGPP2,1
SH2B3,1
ATF6B,1
ATF7,1
SIGLEC9,1
SIGMAR1,1
SIK2,1
SIKE1,1
SIM2,1
SIPA1,1
SIPA1L2,1
SH3BP5L,1
SH3D21,1
SH3PXD2A,1
SH3TC1,1
SHANK1,1
SHANK3,1
SHC1,1
SHC2,1
SHD,1
ASCC3,1
ASH1L,1
ASIC4,1
ASL,1
ASPG,1
ASPH,1
ASRGL1,1
ASTN1,1
ASTN2,1
ASXL1,1
ATAD2B,1
ATAD5,1
SIDT1,1
SIGLEC5,1
SIGLEC6,1
SIGLEC8,1
SLC22A12,1
SLC22A18AS,1
SIRPB1,1
SIX1,1
SIX2,1
SIX6,1
SKAP1,1
SKOR1,1
SLAMF9,1
SLBP,1
SLC10A3,1
SLC10A5,1
SLC12A1,1
SLC12A5,1
SLC12A8,1
ASB2,1
SLC25A22,1
SLC25A28,1
SLC25A31,1
SLC25A33,1
SLC25A41,1
SLC14A1,1
SLC14A2,1
SLC15A5,1
SLC16A12,1
SLC16A2,1
SLC16A3,1
SLC17A6,1
SLC17A7,1
SLC18A3,1
SLC19A3,1
SLC22A10,1
SLC26A3,1
SLC26A8,1
SLC27A3,1
SLC28A3,1
SLC2A10,1
SLC2A13,1
SLC2A4,1
SLC2A9,1
SLC30A10,1
SLC30A3,1
SLC22A23,1
SLC22A4,1
SLC22A7,1
SLC22A8,1
SLC23A2,1
SLC24A5,1
ARMC4,1
ARMC7,1
ARNT2,1
ARNTL,1
ARPP21,1
ARR3,1
ARRB2,1
ARRDC1,1
ARSH,1
ASAH1,1
ASAH2C,1
ASAP2,1
ASB12,1
SLC25A43,1
SLC25A47,1
SLC26A1,1
SLC6A1,1
SLC6A17,1
SLC6A19,1
SLC6A3,1
SLC6A4,1
SLC35A5,1
SLC35E3,1
SLC36A3,1
SLC38A10,1
SLC38A6,1
SLC39A12,1
SLC39A7,1
SLC39A8,1
SLC43A3,1
SLC45A2,1
ARMC2,1
SLCO3A1,1
SLCO5A1,1
SLFN11,1
SLFN12,1
SLFN5,1
SLIT3,1
SLC4A1,1
SLC4A10,1
SLC4A3,1
SLC4A5,1
SLC4A9,1
SLC52A3,1
SLC5A10,1
SLC5A2,1
SLC5A8,1
SLC5A9,1
ARHGEF33,1
ARHGEF38,1
ARHGEF40,1
ARHGEF6,1
ARID5B,1
ARL10,1
ARL15,1
ARL8A,1
SLC6A5,1
SLC7A7,1
SLC8A2,1
SLC8B1,1
SLC9A3,1
SLC9A9,1
SLC9C1,1
SLCO1C1,1
SMTNL1,1
SMYD5,1
SLITRK1,1
SLK,1
SLTM,1
SLURP1,1
SLX4,1
SLX4IP,1
SMAD7,1
SMAP2,1
SMARCA2,1
SMARCA5,1
SMARCC1,1
ARHGEF18,1
ARHGEF19,1
ARHGEF25,1
SNX16,1
SNX18,1
SNX19,1
SNX25,1
SMARCC2,1
SMARCD1,1
SMARCD3,1
SMC1A,1
SMC5,1
SMCHD1,1
SMG7,1
SMG9,1
SMIM9,1
SMPD1,1
SMPD3,1
SMPDL3B,1
SORCS3,1
SORD,1
SOWAHA,1
SOWAHD,1
SNAI3,1
SNAP91,1
SNCA,1
SNCAIP,1
SND1,1
SNRK,1
SNRNP200,1
SNRNP70,1
SNRPB,1
SNURF,1
SNX11,1
SNX14,1
ARHGAP24,1
ARHGAP32,1
ARHGAP33,1
ARHGAP4,1
ARHGAP44,1
ARHGAP5,1
ARHGEF12,1
ARHGEF16,1
SNX4,1
SNX9,1
SOAT1,1
SOCS5,1
SOCS7,1
SOGA3,1
SORBS1,1
SORBS2,1
SOX1,1
SOX4,1
SOX7,1
SOX9,1
SP1,1
SP100,1
SP110,1
SP4,1
SPACA1,1
SPAG1,1
SPAG17,1
SPAG5,1
SPAG6,1
ARHGAP11A,1
ARHGAP20,1
ARHGAP22,1
SPSB1,1
SPTBN2,1
SPTBN4,1
SPAM1,1
SPAST,1
SPATA22,1
SPATA2L,1
SPATA31A3,1
SPATA5,1
SPATA6,1
SPATC1L,1
SPDYE3,1
SPECC1L,1
SPEG,1
SPG11,1
SPG7,1
SRGN,1
SRL,1
SRP68,1
SRPK2,1
SRPK3,1
SRRM1,1
SRSF2,1
SRSF4,1
SRSF7,1
SPINK5,1
SPIRE1,1
SPNS1,1
SPOCD1,1
SPPL3,1
SPRED3,1
SPRR1A,1
APOA4,1
APOBR,1
APOD,1
APP,1
APPBP2,1
AQPEP,1
ARAF,1
ARAP3,1
ARC,1
ARFGEF1,1
SPTY2D1,1
SRCIN1,1
SREBF1,1
SRGAP1,1
SRGAP2,1
SRGAP3,1
STK10,1
STK3,1
STK33,1
SSC5D,1
SSFA2,1
SSH2,1
SSTR2,1
SSTR5,1
ST3GAL3,1
ST3GAL5,1
ST7,1
ST8SIA4,1
STAB1,1
STAB2,1
APLP2,1
APOA2,1
STT3B,1
STX19,1
STX3,1
STX5,1
STX7,1
STXBP2,1
STXBP5L,1
SUGCT,1
STAC,1
STAG2,1
STARD3,1
STARD8,1
STAT3,1
STAT5B,1
STAT6,1
STAU1,1
AP4E1,1
AP5M1,1
AP5Z1,1
APAF1,1
APBA2,1
APBB1,1
APC,1
APEX2,1
STK36,1
STK38L,1
STK4,1
STON1,1
STON2,1
STRN,1
STRN4,1
STS,1
SUGT1,1
SULT4A1,1
SUN3,1
SUPT20H,1
SUSD4,1
SUZ12,1
SV2A,1
SV2B,1
SVIL,1
SVOP,1
SWSAP1,1
SWT1,1
AP003733.1,1
AP1G1,1
AP1M2,1
AP3D1,1
TAF1L,1
TAF3,1
SYAP1,1
SYBU,1
SYCE1,1
SYCE3,1
SYCP1,1
SYCP2,1
SYCP2L,1
SYN3,1
SYNC,1
SYNDIG1,1
SYNE3,1
SYNE4,1
SYNJ1,1
SYNPO2L,1
TANC2,1
TANK,1
TAOK3,1
TAP2,1
TARM1,1
TARS2,1
TAS1R3,1
TAS2R60,1
SYT10,1
SYT2,1
SYTL4,1
TAAR1,1
TAB3,1
TAC1,1
TAF1,1
TAF1B,1
ANLN,1
ANO2,1
ANO5,1
ANO6,1
ANO8,1
ANTXRL,1
ANXA11,1
ANXA2,1
AOC1,1
AOC2,1
AP000769.1,1
AP001631.10,1
TAF6L,1
TAF7,1
TAL1,1
TALDO1,1
TAS2R9,1
TBC1D1,1
TBC1D10A,1
TBC1D12,1
TBC1D14,1
TBC1D16,1
TBC1D17,1
TBC1D21,1
TBC1D22A,1
TBC1D23,1
TBC1D2B,1
TBC1D32,1
TBCCD1,1
TBCD,1
ANKS6,1
ANKUB1,1
TEAD4,1
TEC,1
TECPR1,1
TEF,1
TBX18,1
TBX21,1
TBX4,1
TBX6,1
TBXAS1,1
TCEAL3,1
TCEAL7,1
TCEB3B,1
TCERG1,1
TCF3,1
TCF7,1
TCFL5,1
TESK1,1
TESPA1,1
TET2,1
TET3,1
TEX13B,1
TEX14,1
TEX15,1
TCHP,1
TCOF1,1
TCP11,1
TCP11L2,1
TCTN2,1
TDRD12,1
TDRD6,1
TDRD7,1
TDRKH,1
ANKRD23,1
ANKRD26,1
ANKRD27,1
ANKRD30A,1
ANKRD30B,1
ANKRD31,1
ANKRD36C,1
ANKRD37,1
ANKRD44,1
ANKRD50,1
ANKRD62,1
ANKS1A,1
ANKS1B,1
TEK,1
TENM1,1
TEP1,1
TEX40,1
TFAP2B,1
TFAP4,1
TFCP2L1,1
TFDP2,1
TFDP3,1
TFF2,1
TFF3,1
TFPI2,1
TFR2,1
TGDS,1
TGFB1,1
TGFB2,1
TGFBR1,1
TGFBRAP1,1
ANKRD2,1
TIPARP,1
TJP1,1
TKTL1,1
TLCD2,1
TGM6,1
TGOLN2,1
THADA,1
THAP10,1
THBD,1
THBS2,1
THBS3,1
THEM6,1
THRB,1
THSD4,1
THUMPD1,1
THUMPD2,1
TM9SF2,1
TM9SF3,1
TMC2,1
TMC3,1
TMC4,1
TMC5,1
TMED10,1
TMED2,1
TIAM1,1
TIAM2,1
TIGD7,1
TIGIT,1
TIMD4,1
TIMM8A,1
TIMMDC1,1
TIMP2,1
ANGPTL5,1
ANGPTL6,1
ANHX,1
ANKAR,1
ANKEF1,1
ANKFN1,1
ANKHD1,1
ANKLE1,1
ANKLE2,1
ANKMY1,1
TLE3,1
TLE6,1
TLL1,1
TLL2,1
TLR5,1
TM6SF2,1
TMEM26,1
TMEM261,1
TMEM41B,1
TMEM45B,1
TMEM116,1
TMEM126A,1
TMEM130,1
TMEM132B,1
TMEM132E,1
TMEM150C,1
TMEM156,1
TMEM165,1
TMEM168,1
TMEM171,1
TMEM179,1
ANAPC2,1
TMOD1,1
TMOD3,1
TMPO,1
TMPRSS11D,1
TMPRSS11E,1
TMEM194B,1
TMEM198,1
TMEM2,1
TMEM201,1
TMEM210,1
TMEM213,1
TMEM214,1
TMEM229A,1
TMEM233,1
TMEM246,1
TMEM252,1
TNFRSF25,1
TNFRSF4,1
TNFRSF8,1
TNFSF11,1
TNFSF13B,1
TNIK,1
TNIP1,1
TMEM55A,1
TMEM56,1
TMEM57,1
TMEM59,1
TMEM63A,1
TMEM63B,1
TMEM74B,1
TMEM8A,1
TMEM91,1
AMBN,1
AMER1,1
AMER2,1
AMHR2,1
AMIGO1,1
AMMECR1,1
AMMECR1L,1
AMOT,1
AMZ1,1
AMZ2,1
TMPRSS2,1
TMPRSS4,1
TMX3,1
TNFAIP6,1
TNFRSF10D,1
TNFRSF18,1
TPX2,1
TRAF5,1
TNNT3,1
TNRC18,1
TNRC6A,1
TNRC6C,1
TOB2,1
TOM1L2,1
TOMM70A,1
TOP3A,1
TOPORS,1
TOR1AIP1,1
ALS2,1
ALS2CL,1
ALS2CR12,1
ALX4,1
TRBV20OR9-2,1
TRBV29-1,1
TRBV30,1
TRDC,1
TRHDE,1
TOR1AIP2,1
TOR1B,1
TOR4A,1
TP53BP1,1
TP53BP2,1
TPBG,1
TPCN2,1
TPD52L3,1
TPP1,1
TPRG1,1
TPRN,1
TRIM56,1
TRIM59,1
TRIM64B,1
TRIM66,1
TRIO,1
TRIP10,1
TRAJ14,1
TRAK2,1
TRANK1,1
TRAPPC9,1
TRAV12-1,1
TRAV17,1
TRAV22,1
TRAV26-2,1
TRAV34,1
TRAV40,1
ALDH9A1,1
ALDOC,1
ALG13,1
ALG9,1
ALOX12,1
ALOX12B,1
ALOXE3,1
ALPK1,1
TRIB2,1
TRIM15,1
TRIM16L,1
TRIM27,1
TRIM3,1
TRIM4,1
TRIM41,1
TRIM5,1
TSHZ3,1
TSKS,1
TRIP13,1
TRIT1,1
TRMT13,1
TRMT6,1
TRMT61B,1
TRMU,1
TROVE2,1
TRPC4,1
TRPM1,1
ALDH1A2,1
ALDH1L1,1
ALDH3A1,1
ALDH3B2,1
ALDH8A1,1
TTBK2,1
TTC29,1
TTC33,1
TTC39B,1
TRPM2,1
TRPM3,1
TRPM5,1
TRPM6,1
TRPM7,1
TRPS1,1
TRPV6,1
TSACC,1
TSC1,1
TSC2,1
TSC22D2,1
TSHZ2,1
AKR1E2,1
AKR7A3,1
AKT3,1
AL033381.1,1
AL139099.1,1
AL354898.1,1
ALAS1,1
ALDH16A1,1
TSNAXIP1,1
TSPAN10,1
TSPAN5,1
TSPEAR,1
TSPYL2,1
TSPYL5,1
TSSC1,1
TSTA3,1
TTC7B,1
TTF1,1
TTK,1
TTL,1
TTLL13,1
TTLL5,1
TTLL7,1
TUB,1
TUBA1A,1
TUBA8,1
TUBB1,1
TUBB2A,1
AKAP11,1
AKAP8L,1
AKNAD1,1
AKR1B15,1
TUBB3,1
TUBD1,1
TUBE1,1
TUBG2,1
TUBGCP5,1
TULP3,1
TULP4,1
TWF2,1
TXLNG,1
TXN2,1
TXNDC16,1
TXNDC2,1
TXNIP,1
TYMP,1
TYMS,1
TYRO3,1
TYSND1,1
TYW5,1
U2SURP,1
UACA,1
UAP1,1
UBAP2,1
UBAP2L,1
UBASH3A,1
UBBP4,1
UBC,1
UBD,1
UBE2E3,1
UBE2H,1
UBE2U,1
UBE3B,1
UBE3C,1
UMODL1,1
UNC13B,1
UNC45B,1
UNC5A,1
UNC5D,1
UBE4A,1
UBE4B,1
UBL4A,1
UBL7,1
UBLCP1,1
UBQLN4,1
UBQLNL,1
UBR2,1
UBR7,1
UCP3,1
UGGT1,1
AHCTF1,1
AHI1,1
AHR,1
AIFM2,1
AIFM3,1
AIG1,1
AIM1L,1
AJUBA,1
AK9,1
UGT2B28,1
UGT2B4,1
UGT2B7,1
UGT8,1
ULK3,1
ULK4,1
UMOD,1
USP39,1
USP4,1
UNC93A,1
UNCX,1
UNK,1
UPB1,1
UPF2,1
UPF3B,1
UPK3A,1
UQCRB,1
URAD,1
URB2,1
URGCP,1
USE1,1
USH1C,1
AGL,1
USP53,1
USP8,1
UVRAG,1
UXS1,1
VAMP2,1
VANGL1,1
VARS,1
VARS2,1
USP13,1
USP16,1
USP2,1
USP20,1
USP28,1
USP32,1
USP33,1
USP36,1
ADH6,1
ADIPOR1,1
ADRA1D,1
AF165138.7,1
AFAP1L1,1
AFAP1L2,1
AFF3,1
AFM,1
AGA,1
AGBL1,1
AGBL4,1
AGFG1,1
AGGF1,1
USP49,1
USP5,1
USP51,1
ADARB2,1
ADAT1,1
ADCY1,1
ADCY3,1
ADCYAP1,1
ADD1,1
ADD2,1
ADGB,1
VAV1,1
VCAM1,1
VCPIP1,1
VEPH1,1
VEZF1,1
VEZT,1
VIT,1
ADH1C,1
VPS18,1
VPS25,1
VPS28,1
VPS33B,1
VPS41,1
VPS8,1
VRK3,1
VSIG10L,1
VSTM5,1
VSX2,1
VTCN1,1
VTN,1
VWA3A,1
ADAMTS8,1
ADAMTSL1,1
ADAMTSL3,1
WDR78,1
WDR87,1
VWA5A,1
VWA5B1,1
VWA7,1
VWC2,1
VWCE,1
VWF,1
WBP2NL,1
WBSCR22,1
WBSCR28,1
WDFY3,1
WDFY4,1
WDHD1,1
WDR11,1
WDR16,1
ACY3,1
ADAM22,1
ADAMTS10,1
ADAMTS15,1
ADAMTS17,1
ADAMTS18,1
WDR17,1
WDR26,1
WDR41,1
WDR53,1
WDR6,1
WDR60,1
WDR63,1
WDR7,1
WDR72,1
WDR75,1
WDR91,1
WDR92,1
WDR93,1
WDR96,1
WFDC1,1
WFDC2,1
WHSC1L1,1
WIPI2,1
WISP3,1
WNK1,1
WNK4,1
ACTG2,1
ACTL10,1
ACTR1B,1
ACTR5,1
ACTRT1,1
YIF1B,1
YIPF4,1
WNT1,1
WNT10B,1
WNT11,1
WNT2,1
WNT5B,1
WNT8A,1
WRNIP1,1
WSB2,1
WTAP,1
WTIP,1
WWC3,1
XAB2,1
XDH,1
XG,1
ZBTB17,1
ZBTB18,1
ZBTB33,1
ZBTB38,1
ZBTB39,1
XIAP,1
XK,1
XPC,1
XPNPEP1,1
XPNPEP3,1
XPO7,1
XRCC4,1
XRCC6BP1,1
XRRA1,1
XYLT2,1
YES1,1
ACOT11,1
ACOT6,1
ACOX3,1
ACP1,1
ACP2,1
ACSL1,1
ACSL3,1
ACSS2,1
ACTB,1
ACTG1,1
YIPF6,1
YPEL4,1
YTHDF2,1
ZAN,1
ZBED4,1
ZBED6,1
ZBTB42,1
ZBTB43,1
ZBTB46,1
ZBTB6,1
ZBTB7A,1
ZBTB8A,1
ZBTB8B,1
ZC2HC1C,1
ZC3H12A,1
ZC3H13,1
ZC3H18,1
ZC3H6,1
ACE2,1
ACKR3,1
ACLY,1
ACO2,1
ZFP69,1
ZFP91,1
ZFPM1,1
ZFPM2,1
ZFX,1
ZFYVE26,1
ZC3H7B,1
ZCCHC11,1
ZCCHC12,1
ZCCHC14,1
ZCCHC2,1
ZDBF2,1
ZDHHC14,1
ZDHHC15,1
ZDHHC17,1
ZDHHC7,1
AC090616.2,1
AC093677.1,1
AC110781.3,1
AC112693.2,1
AC138517.1,1
AC138647.1,1
ACACA,1
ACADL,1
ACAN,1
ACAP2,1
ZFHX2,1
ZFHX4,1
ZFP2,1
ZFP37,1
ZFP57,1
ZFP62,1
ZNF181,1
ZFYVE27,1
ZFYVE28,1
ZHX2,1
ZHX3,1
ZIK1,1
ZIM3,1
ZKSCAN3,1
ZMAT4,1
ZMYM2,1
ZMYM3,1
ZMYM5,1
AC018816.3,1
AC023632.1,1
AC074212.3,1
AC079354.1,1
ZNF226,1
ZNF235,1
ZNF24,1
ZNF250,1
ZMYND8,1
ZNF106,1
ZNF12,1
ZNF124,1
ZNF134,1
ZNF135,1
ZNF138,1
ZNF14,1
ZNF140,1
ZNF142,1
ZNF155,1
ZNF157,1
ZNF317,1
ZNF320,1
ZNF321P,1
ZNF354A,1
ZNF354C,1
ZNF365,1
ZNF37A,1
ZNF185,1
ZNF19,1
ZNF195,1
ZNF202,1
ZNF205,1
ZNF207,1
ZNF208,1
ZNF215,1
ZNF223,1
ZNF423,1
ZNF425,1
ZNF438,1
ZNF439,1
ZNF440,1
ZNF445,1
ZNF451,1
ZNF483,1
ZNF257,1
ZNF259,1
ZNF264,1
ZNF275,1
ZNF280D,1
ZNF284,1
ZNF292,1
ZNF304,1
ABLIM1,1
ABLIM3,1
ABR,1
ABRA,1
ABTB2,1
AC006378.2,1
AC009041.2,1
AC011484.1,1
AC012123.1,1
AC012313.1,1
AC016586.1,1
ZNF383,1
ZNF385C,1
ZNF391,1
ZNF404,1
ZNF414,1
ZNF485,1
ZNF493,1
ZNF503-AS2,1
ZNF507,1
ZNF516,1
ZNF527,1
ZNF530,1
ZNF540,1
ZNF567,1
ZNF568,1
ZNF574,1
ZNF578,1
ABHD17B,1
ABHD3,1
ABI3BP,1
ABL2,1
ZNF717,1
ZNF724P,1
ZNF579,1
ZNF580,1
ZNF582,1
ZNF583,1
ZNF586,1
ZNF605,1
ZNF607,1
ZNF611,1
ZNF618,1
ZNF619,1
ZNF624,1
ZNF629,1
ZNF630,1
ZNF648,1
ZNF83,1
ZNF831,1
ZNF835,1
ZNF839,1
ZNF843,1
ZNF655,1
ZNF658,1
ZNF660,1
ZNF668,1
ZNF680,1
ZNF689,1
ZNF691,1
ZNF695,1
ZNF703,1
ZNF710,1
ZNF713,1
ABCA7,1
ZSCAN23,1
ZSCAN25,1
ZSCAN29,1
ZSCAN4,1
ZSCAN5B,1
ZSCAN9,1
ZSWIM2,1
ZSWIM4,1
ZSWIM8,1
ZUFSP,1
ZXDA,1
ZXDB,1
ZYG11B,1
A4GNT,1
ABCB11,1
DISC1,1
DISP2,1
DLG2,1
DLGAP1,1
DLGAP2,1
DLGAP5,1
DLST,1
DLX6,1
A2ML1,1
AADAT,1
AAK1,1
AARS,1
AARS2,1
AASDH,1
AASS,1
ABCA2,1
